Name,Critic_Score,User_Score
.hack//G.U. Last Recode,7.6,7.9
428: Shibuya Scramble,8.5,7.3
7 Days to Die,4.0,5.6
7th Dragon III Code: VFD,7.5,7.9
8-Bit Armies,6.9,7.3
88 Heroes: 98 Heroes Edition,6.5,6.4
A Game of Thrones: Genesis,4.9,4.1
A Hat in Time,7.9,8.5
A Story About My Uncle,7.3,7.2
A Valley Without Wind,5.5,6.8
A Way Out,7.8,7.75
ABZU,8.05,7.25
ARK Park,4.6,4.5
ARK: Survival Evolved,5.966666666666666,4.2
ARMS,7.9,7.1
Accel World vs. Sword Art Online: Millennium Twilight,6.4,6.1
Ace Combat: Assault Horizon Legacy,7.0,7.8
Act of Aggression,7.1,7.1
Adventure Time: Pirates of the Enchiridion,5.6,5.5
Aegis of Earth: Protonovus Assault,5.7,6.4
AereA,4.6,1.8
Afrika,6.0,8.0
Agatha Christie's The ABC Murders,6.65,6.4
Agatha Christie: The ABC Murders,6.6,8.5
Age of Empires II: HD Edition,6.8,7.9
Age of Empires Online,7.0,5.7
Agents of Mayhem,6.75,6.5
Agony,4.366666666666666,4.533333333333334
Akiba's Beat,5.5,6.7
Akiba's Trip: Undead & Undressed,6.050000000000001,7.1
Alan Wake,9.0,8.0
Alan Wake's American Nightmare,7.5,6.6
Alice: Madness Returns,6.7,8.4
Alien: Isolation,7.933333333333334,8.166666666666666
Aliens: Colonial Marines,5.0,3.5
All-Star Fruit Racing,6.0,3.6
Always Sometimes Monsters,7.3,7.2
American Truck Simulator,7.6,6.8
Angry Birds Trilogy,7.0,4.6
Angry Video Game Nerd Adventures,7.7,7.6
Animal Crossing: City Folk,7.1,8.8
Animal Crossing: Happy Home Designer,6.6,6.9
Animal Crossing: New Horizons,9.0,5.4
Animal Crossing: New Leaf,8.6,8.8
Anno 2070,8.7,7.1
Anno 2205,7.2,6.0
Anodyne,7.5,6.6
Anomaly 2,7.7,7.7
Anomaly: Warzone Earth,7.9,7.3
Apex Construct,7.2,7.0
Apollo Justice: Ace Attorney,7.7,7.8
Apotheon,7.8,7.7
Aragami,7.1,7.15
Arc the Lad: Twilight of the Spirits,7.3,8.5
Armello,7.4,7.1
Army of Two,7.4,6.9
Arslan: The Warriors of Legend,6.9,6.5
Art Academy: Home Studio,8.2,7.9
Asphalt 3D,4.0,4.3
Asphalt: Injection,4.9,5.0
Assassin's Creed,8.2,8.25
Assassin's Creed Chronicles: China,6.9,6.0
Assassin's Creed III,8.15,6.75
Assassin's Creed III: Liberation,7.2,7.2
Assassin's Creed IV: Black Flag,8.4,7.85
Assassin's Creed Odyssey,8.933333333333332,5.7
Assassin's Creed Origins,8.333333333333334,7.166666666666667
Assassin's Creed Rogue Remastered,6.55,6.4
Assassin's Creed Syndicate,7.933333333333334,6.433333333333334
Assassin's Creed: Brotherhood,8.7,8.2
Assassin's Creed: Revelations,8.0,7.4
Assault Suit Leynos,6.7,6.7
Assetto Corsa,7.266666666666667,7.033333333333334
Asteroids,7.6,7.8
Astral Chain,8.9,8.7
Asura's Wrath,7.5,8.3
Atelier Ayesha Plus: The Alchemist of Dusk,7.6,8.4
Atelier Escha & Logy Plus: Alchemists of the Dusk Sky,7.5,8.2
Atelier Firis: The Alchemist and the Mysterious Journey,7.4,7.0
Atelier Lydie & Suelle: The Alchemists and the Mysterious Paintings,6.800000000000001,7.0
Atelier Meruru Plus: The Apprentice of Arland,7.4,8.1
Atelier Shallie Plus: Alchemists of the Dusk Sea,7.8,7.7
Atelier Sophie: The Alchemist of the Mysterious Book,7.5,7.6
Atom Zombie Smasher,7.2,7.1
Attack on Titan,7.550000000000001,6.7
Attack on Titan 2,7.266666666666667,7.066666666666666
AudioSurf,8.2,9.0
Avadon: The Black Fortress,7.5,7.7
Aven Colony,7.5,7.050000000000001
Axiom Verge,7.966666666666666,7.966666666666666
Azure Striker Gunvolt,8.0,8.1
Azure Striker Gunvolt: Striker Pack,8.2,7.5
Bad Apple Wars,7.8,7.6
Baja: Edge of Control HD,6.5,5.9
Banished,7.3,8.1
Banjo-Kazooie,9.3,9.4
Bastion,8.5,8.5
Batman: Arkham City,9.0,8.7
Batman: Arkham Knight,7.866666666666667,5.866666666666667
Batman: Arkham Origins,7.8,7.5
Batman: Arkham Origins Blackgate,7.2,6.7
Batman: Arkham VR,7.4,7.2
Batman: Return to Arkham,7.3,8.1
Battle Brothers,8.0,7.7
Battle Chasers: Nightwar,8.075,7.15
Battle Fantasia,7.0,8.0
Battle Worlds: Kronos,7.1,7.1
BattleBlock Theater,8.5,7.9
Battleborn,6.933333333333334,7.033333333333334
Battlefield 1,9.166666666666666,7.533333333333334
Battlefield 3,8.9,7.6
Battlefield 4,8.4,6.55
Battlefield V,7.733333333333333,2.5
Battlefield: Bad Company 2,8.95,9.05
Battlefleet Gothic: Armada,7.7,7.4
Battlezone,6.6,7.1
Bayonetta,8.833333333333334,8.299999999999999
Bayonetta 2,9.4,8.65
Beat Cop,7.1,7.5
Bendy and the Ink Machine,7.05,6.949999999999999
Berserk and the Band of the Hawk,6.6,6.7
BioShock,9.45,9.55
BioShock Infinite,9.5,8.6
BioShock: The Collection,8.4,8.55
Bionic Commando,7.1,8.0
Birthdays the Beginning,6.5,6.5
Black Clover: Quartet Knights,5.3,5.2
Black Mesa,8.6,8.9
Black Mirror,5.550000000000001,4.15
Blackguards,7.8,7.1
Blackguards 2,7.4,7.4
Blade Strangers,8.3,7.5
Bladestorm: Nightmare,5.8,6.2
BlazBlue: Calamity Trigger Portable,7.9,8.4
BlazBlue: Central Fiction,8.4,7.7
BlazBlue: Chrono Phantasma Extend,8.25,7.6
BlazBlue: Continuum Shift II,6.0,6.2
BlazBlue: Cross Tag Battle,7.8,7.15
Blocks That Matter,8.5,7.3
Bloodborne,8.2,8.9
Bomber Crew,7.5,7.3
Boom Blox,8.6,8.9
Borderlands 2,7.2,7.949999999999999
Borderlands 2 VR,7.2,7.6
Borderlands: The Handsome Collection,8.1,7.85
Borderlands: The Pre-Sequel,7.5,6.3
Botanicula,9.0,8.3
Brain Age: Concentration Training,7.5,7.8
Bravely Second: End Layer,7.4,8.3
Bravo Team,4.5,4.4
Brawlout,6.2,5.4
Bridge Constructor Portal,7.8,4.550000000000001
Brink,7.0,6.0
Broforce,8.3,8.0
Broken Age,7.6,6.9
Broken Sword 5: The Serpent's Curse,7.45,7.15
Brothers: A Tale of Two Sons,8.149999999999999,8.2
Bubsy: The Woolies Strike Back,4.5,5.8
Bulletstorm,8.7,7.7
Bulletstorm: Full Clip Edition,7.85,7.1
Bully: Scholarship Edition,8.1,10.0
Burnout Paradise Remastered,8.0,6.6
Bus Simulator 16,4.6,6.0
Bust-A-Move Universe,5.6,4.8
Call of Cthulhu,6.449999999999999,6.550000000000001
Call of Duty 2,8.8,9.1
Call of Duty 3,7.4,7.85
Call of Duty 4: Modern Warfare,9.55,9.3
Call of Duty: Advanced Warfare,8.466666666666667,5.266666666666667
Call of Duty: Black Ops 3,8.1,4.9
Call of Duty: Black Ops II,8.95,5.65
Call of Duty: Black Ops IIII,8.3,4.0
Call of Duty: Ghosts,7.933333333333334,3.4
Call of Duty: Infinite Warfare,7.6000000000000005,3.6333333333333333
Call of Duty: Modern Warfare,8.0,3.3
Call of Duty: Modern Warfare 2,9.5,9.0
Call of Duty: Modern Warfare 3,8.0,2.7
Call of Duty: Modern Warfare Remastered,8.3,6.9
Call of Duty: Modern Warfare: Reflex Edition,7.2,8.9
Call of Duty: WWII,7.766666666666667,3.9
Call of Duty: World at War,8.3,8.35
Call of Juarez: The Cartel,4.5,3.4
Candle: The Power of the Flame,7.2,7.4
Capcom Beat 'Em Up Bundle,7.449999999999999,6.15
Captain America: Super Soldier,5.0,5.0
Captain Toad: Treasure Tracker,8.1,8.066666666666666
Cargo Commander,6.3,6.9
Carmageddon: Max Damage,5.15,6.550000000000001
Cars 3: Driven to Win,6.333333333333333,6.066666666666666
Cartoon Network: Punch Time Explosion,5.6,5.7
Castlevania Judgment,4.6,7.5
Castlevania: Lords of Shadow - Mirror of Fate,7.2,7.2
Castlevania: Lords of Shadow 2,5.8,7.7
Castlevania: Order of Ecclesia,8.2,9.2
Castlevania: Symphony of the Night,9.3,9.0
Cat Quest,7.4,7.5
Cave Story 3D,8.2,8.2
Chaos on Deponia,7.8,8.3
Chaos;Child,7.6,7.8
Chibi-Robo! Zip Lash,5.5,6.8
Child of Light,8.966666666666667,8.0
Chroma Squad,7.5,7.7
Chrono Cross,9.7,9.5
Cities XL 2012,6.0,5.6
Cities XXL,4.7,1.7
Cities in Motion,7.0,7.7
Cities: Skylines,8.5,8.9
Clustertruck,7.6,7.3
Code Name: S.T.E.A.M.,8.0,7.8
Code of Princess,7.2,7.4
Code of Princess EX,7.2,6.8
Collar x Malice,7.4,8.5
Combat of Giants: Dinosaurs 3D,4.3,5.3
Company of Heroes 2,8.4,2.1
Conan Exiles,6.666666666666667,5.866666666666667
Conception II: Children of the Seven Stars,6.2,7.4
Contrast,7.5,7.6
Cooking Mama: Sweet Shop,6.0,5.0
Corpse Party: Blood Drive,6.0,7.4
Cossacks 3,6.3,5.4
Counter-Strike: Global Offensive,8.0,7.5
Crackdown,8.4,7.0
Crash Bandicoot N. Sane Trilogy,7.3,7.900000000000001
Crash of the Titans,6.5,9.2
Crashlands,7.8,7.8
Creed: Rise to Glory,7.5,6.8
Criminal Girls 2: Party Favors,6.7,8.2
Criminal Girls: Invite Only,5.5,6.8
Crimson Gem Saga,7.3,8.0
Crisis Core: Final Fantasy VII,8.1,9.0
Crusader Kings II,8.0,8.8
Crysis,9.2,8.5
Crysis 2,8.7,6.8
Cubic Ninja,5.5,5.9
Culdcept Revolt,7.3,8.0
Cuphead,8.8,8.3
Cyberdimension Neptunia: 4 Goddesses Online,7.1,7.2
DC Universe Online,7.0,6.8
DOOM VFR,7.1,8.0
DUSK,8.8,8.2
Dakar 18,5.35,6.05
Danganronpa 1-2 Reload,8.3,8.1
Danganronpa 2: Goodbye Despair,8.1,8.8
Danganronpa Another Episode: Ultra Despair Girls,6.95,7.65
Danganronpa V3: Killing Harmony,8.05,7.800000000000001
Danganronpa: Trigger Happy Havoc,8.1,8.6
Dante's Inferno,7.3,8.3
Dark Rose Valkyrie,5.8,6.4
Dark Souls II,9.0,7.2
Dark Souls II: Scholar of the First Sin,8.8,7.85
Dark Souls III,8.833333333333334,8.6
Dark Souls: Prepare to Die Edition,8.5,7.6
Dark Souls: Remastered,8.8,9.0
Darkest Dungeon,8.4,7.833333333333333
Darksiders,7.8,8.5
Darksiders II,8.0,8.0
Darksiders II: Deathinitive Edition,7.5,7.25
Darksiders III,6.733333333333333,7.433333333333334
Darksiders: Warmastered Edition,8.05,7.8
Darkspore,6.6,6.0
Darkwood,8.0,8.4
Dead Alliance,4.3,3.4
Dead Cells,8.966666666666667,7.8
Dead Island,7.1,6.9
Dead Island: Riptide,6.2,6.0
Dead Rising 2: Off the Record,6.8,5.7
Dead Rising 3,8.3,6.9
Dead Rising 4,7.300000000000001,4.2
Dead Rising 4: Frank's Big Package,7.2,5.3
Dead Rising: Chop Till You Drop,6.7,7.2
Dead Space 2,8.9,8.4
Dead Space 3,7.8,6.1
Dead by Daylight,6.1,6.15
Dead or Alive 5 Plus,8.0,8.0
Dead or Alive Xtreme 3: Fortune,4.3,7.4
Dead or Alive: Dimensions,7.8,8.1
DeadCore,7.8,6.8
Deadfall Adventures,4.0,7.0
Deadlight,7.8,7.4
Deadly Creatures,6.9,6.8
Deadly Premonition,6.0,7.8
Deadpool,6.0,6.0
Death end re;Quest,7.4,7.4
Deathtrap,7.7,7.7
Deception IV: Blood Ties,6.7,7.5
Defenders of Ardania,4.5,4.6
Democracy 3,7.0,7.1
Demon Gaze,7.0,7.5
Demon's Souls,9.1,9.5
Deponia,7.4,8.2
Deponia Doomsday,7.6,7.0
Destiny,7.95,5.8
Destiny 2,8.5,4.233333333333333
Destiny 2: Forsaken,8.4,5.8
Destiny: The Taken King,8.75,5.7
Detective Pikachu,7.1,7.6
Detention,8.3,7.9
Detroit: Become Human,8.0,8.6
Deus Ex: Human Revolution,8.7,8.5
Deus Ex: Mankind Divided,8.333333333333334,7.166666666666667
Deus Ex: The Fall,4.5,3.0
Devil Daggers,8.3,7.1
Devil May Cry,9.1,9.3
Devil May Cry 3: Dante's Awakening Special Edition,8.8,8.6
Devil May Cry 4,8.2,8.2
Devil May Cry HD Collection,6.55,6.45
Devil's Third,3.8,5.7
DiRT 3,9.0,7.0
DiRT 4,8.299999999999999,6.566666666666666
DiRT Rally,8.566666666666666,8.233333333333333
Diablo III,9.0,4.1
Diablo III: Eternal Collection,9.0,7.9
Diablo III: Reaper of Souls,8.7,6.6
Diablo III: Ultimate Evil Edition,8.8,7.85
Digimon World: Next Order,6.8,6.4
Dino Dini's Kick Off Revival,3.1,4.6
Disaster: Day of Crisis,6.4,8.0
Disgaea 1 Complete,8.15,7.65
Disgaea 3: Absence of Detention,7.8,7.6
Disgaea 5 Complete,9.0,8.5
Disgaea 5: Alliance of Vengeance,8.0,8.2
Disgaea PC,7.4,9.5
Dishonored,9.2,8.4
Dishonored 2,8.733333333333334,7.3
Dishonored: Death of the Outsider,8.233333333333333,6.866666666666667
Dishonored: Definitive Edition,7.8,7.4
Disney Art Academy,7.2,7.0
Disney Epic Mickey 2: The Power of Two,5.9,5.6
Disney Epic Mickey: The Power of Illusion,6.3,5.9
Disney Infinity,7.6,7.6
Disneyland Adventures,6.7,6.9
Dissidia: Final Fantasy,8.1,10.0
Divinity: Original Sin,8.7,8.7
Doctor Lautrec and the Forgotten Knights,5.3,6.1
Doki-Doki Universe,7.0,5.5
Dokuro,8.8,7.9
Don't Knock Twice,5.6,5.6
Donkey Kong Country,9.0,8.8
Donkey Kong Country Returns 3D,8.6,8.3
Donkey Kong Country: Tropical Freeze,8.95,9.1
Doom (2016),8.2,9.1
Doom 3 BFG Edition,5.9,5.4
Door Kickers,8.3,7.7
Dragon Age II,7.9,4.5
Dragon Age: Inquisition,8.633333333333333,6.766666666666667
Dragon Ball FighterZ,8.7,8.0
Dragon Ball Z: Battle of Z,6.6,7.5
Dragon Ball Z: Budokai Tenkaichi 3,7.5,8.6
Dragon Ball Z: Extreme Butoden,5.0,7.0
Dragon Ball: Fusions,6.3,8.0
Dragon Ball: Revenge of King Piccolo,6.1,8.0
Dragon Ball: Xenoverse,6.800000000000001,7.5
Dragon Ball: Xenoverse 2,7.466666666666666,7.8
Dragon Quest IV: Chapters of the Chosen,8.1,8.0
Dragon Quest VII,8.0,3.0
Dragon Quest VII: Fragments of the Forgotten Past,8.1,8.4
Dragon Quest VIII: Journey of the Cursed King,8.8,8.5
Dragon Quest XI: Echoes of an Elusive Age,9.5,8.7
Dragon's Crown,8.5,8.4
Dragon's Crown Pro,8.0,7.8
Dragon's Dogma: Dark Arisen,7.966666666666666,8.200000000000001
Dream Trigger 3D,5.7,6.3
Dreamfall Chapters,7.1,7.7
Driveclub,7.2,6.2
Driveclub VR,6.6,6.7
Driver: Renegade,3.5,4.9
Driver: San Francisco,8.3,7.1
DualPenSports,5.8,3.5
Duck Hunt,7.5,8.3
Duke Nukem 3D: 20th Anniversary World Tour,7.7,7.4
Duke Nukem Forever,4.6,5.8
Dungeon Defenders,8.3,7.3
Dungeon Siege III,7.3,4.7
Dungeon Souls,6.7,5.5
Dungeons,6.5,4.6
Dungeons & Dragons: Daggerdale,4.9,3.6
Dungeons 2,6.1,6.9
Dungeons 3,7.5,7.7
Dungeons of Dredmor,8.0,7.7
Dust: An Elysian Tail,8.5,8.5
Dying Light,7.433333333333334,7.866666666666667
Dynasty Warriors 9,6.05,4.05
Dynasty Warriors Next,8.0,7.5
Dynasty Warriors: Godseekers,7.0,6.6
EA Sports UFC,7.0,6.15
EA Sports UFC 2,7.75,5.699999999999999
EA Sports UFC 3,7.6,4.55
EVE: Valkyrie,7.1,6.8
Eagle Flight,7.3,6.9
Earth Defense Force 2017 Portable,6.8,7.6
Earth Defense Force 4.1: The Shadow of New Despair,6.4,7.4
Earth Defense Force 5,7.2,6.5
Earth's Dawn,6.8,6.7
Earthfall,5.5,5.65
Edna & Harvey: Harvey's New Eyes,7.5,7.8
Edna & Harvey: The Breakout,5.6,6.5
Elex,6.233333333333333,6.566666666666667
Elite: Dangerous,7.85,7.15
Enemy Front,5.2,5.7
Enslaved: Odyssey to the West,7.0,7.6
Enter the Gungeon,8.55,8.05
Etrian Mystery Dungeon,7.6,7.9
Etrian Odyssey 2 Untold: Knight of Fafnir,8.0,6.0
Etrian Odyssey IV: Legends of the Titan,8.2,8.3
Etrian Odyssey Nexus,8.0,6.6
Etrian Odyssey V: Beyond the Myth,7.9,7.9
Euro Truck Simulator 2,8.5,8.7
Europa Universalis IV,8.9,8.7
Ever Oasis,8.1,8.1
Everybody's Golf,8.1,7.8
Evoland,6.1,6.8
Evolve,7.566666666666666,4.566666666666666
Exist Archive: The Other Side of the Sky,7.0,7.55
Extinction,4.95,1.3
F.E.A.R. 2: Project Origin,8.2,8.5
F.E.A.R. 3,7.5,5.8
F1 2011,6.866666666666667,6.666666666666667
F1 2012,8.8,7.1
F1 2014,6.1,4.8
F1 2015,6.333333333333333,5.466666666666666
F1 2016,8.433333333333332,7.8
F1 2017,8.633333333333333,7.3999999999999995
F1 2018,8.366666666666667,7.8
F1 Race,9.5,7.4
F1 Race Stars,6.2,5.5
FIFA 07 Soccer,8.3,7.6
FIFA 14,9.1,6.05
FIFA 15,7.666666666666667,5.133333333333334
FIFA 16,8.5,4.433333333333334
FIFA 17,8.700000000000001,4.666666666666667
FIFA 18,7.525,4.525
FIFA 19,7.5,2.3666666666666667
FIFA 20,7.9,1.1
FIFA Manager 12,7.2,4.0
FIFA Soccer,8.0,7.2
FIFA Soccer 12,8.05,5.5
FIFA Soccer 13,4.0,4.2
FORCED,7.2,7.7
Fable II,9.0,9.3
Fable III,7.0,5.5
Fahrenheit: Indigo Prophecy Remastered,6.1,7.5
Fairy Fencer F,6.6,7.9
Fairy Fencer F: Advent Dark Force,7.1,6.8
Fallen Legion: Rise to Glory,7.0,6.9
Fallout 3,9.0,8.6
Fallout 4,8.666666666666666,6.166666666666667
Fallout 4 VR,7.8,5.0
Fallout 76,4.633333333333333,2.466666666666667
Fantasia: Music Evolved,7.7,7.4
Fantasy Life,6.9,8.4
Far Cry 3,9.0,8.3
Far Cry 4,8.466666666666667,7.366666666666667
Far Cry 5,7.133333333333333,6.5
Farming Simulator 17,6.9,7.05
Farming Simulator 19,6.85,5.5
Farming Simulator 2013,7.1,7.5
Farpoint,7.1,8.1
Fatal Frame: Maiden of Black Water,6.7,5.8
Fate/Extella Link,7.7,7.2
Fate/Extella: The Umbral Star,7.35,7.05
Fez,9.5,6.7
Fighter Within,2.7,2.8
Final Fantasy Explorers,7.3,8.5
Final Fantasy IV,8.5,9.0
Final Fantasy Type-0 HD,7.2,7.9
Final Fantasy VII,9.6,9.5
Final Fantasy VII Remake,8.7,8.1
Final Fantasy X,9.0,10.0
Final Fantasy X / X-2 HD Remaster,8.666666666666666,8.9
Final Fantasy XII,9.4,9.5
Final Fantasy XII: The Zodiac Age,8.45,8.600000000000001
Final Fantasy XIII,8.0,9.2
Final Fantasy XIV: Heavensward,8.6,8.350000000000001
Final Fantasy XIV: Stormblood,8.8,8.45
Final Fantasy XV,8.2,8.6
Final Fantasy XV: Windows Edition,8.5,8.0
Final Fantasy: Crystal Chronicles,7.7,7.5
Fire Emblem Echoes: Shadows of Valentia,8.3,8.5
Fire Emblem Warriors,7.1,8.85
Fire Emblem: Awakening,9.0,9.1
Fire Emblem: Radiant Dawn,7.7,8.5
Fire Emblem: Three Houses,8.9,8.7
Fire Pro Wrestling World,7.9,7.1
Firewatch,8.1,6.9
Fitness Boxing,7.0,7.1
Flashback,7.7,8.1
FlatOut 3: Chaos & Destruction,2.3,3.2
FlatOut 4: Total Insanity,6.4,6.449999999999999
Flipping Death,7.5,8.0
Folklore,7.5,8.7
Football Manager 2012,8.5,7.9
Football Manager 2013,9.0,6.8
Football Manager 2014,8.4,5.6
Football Manager 2015,8.0,6.1
Football Manager 2016,8.1,6.9
Football Manager 2017,8.0,5.2
Football Manager 2018,8.2,5.7
Football Manager 2019,8.6,6.5
Football Manager Classic 2014,5.8,7.4
For Honor,7.766666666666667,5.733333333333333
Fortnite,8.133333333333333,4.133333333333334
Forza Horizon 2,8.6,8.3
Forza Horizon 3,9.0,8.0
Forza Horizon 4,9.2,7.9
Forza Motorsport 3,9.2,9.8
Forza Motorsport 5,8.8,6.0
Forza Motorsport 6,8.7,7.7
Forza Motorsport 7,8.9,5.9
Fossil Fighters: Frontier,5.7,5.0
Freedom Planet,8.3,8.3
Freedom Wars,7.3,8.3
Friday the 13th: The Game,5.699999999999999,5.85
Frogger 3D,7.0,6.2
Frostpunk,8.4,8.4
GRID 2,8.0,5.8
GRIP: Combat Racing,6.5,6.3
Gabrielle's Ghostly Groove 3D,7.5,7.4
Galactic Civilizations III,8.1,6.6
Game & Wario,6.2,6.5
Game Dev Tycoon,6.8,8.0
Game of Thrones,5.8,6.5
Game of Thrones: A Telltale Games Series,6.65,6.45
Gas Guzzlers Extreme,7.3,8.6
Gear.Club Unlimited,6.1,6.8
Gears of War,9.4,9.4
Gears of War 2,9.4,9.5
Gears of War 4,8.4,6.9
Gears of War: Ultimate Edition,8.2,7.6
Geist,6.6,7.6
Gemini Rue,8.0,8.4
Go Vacation,6.2,7.6
Goat Simulator,8.0,6.6
God Eater 2: Rage Burst,7.1,7.2
God Eater 3,7.1,7.2
God Eater Resurrection,7.0,7.2
God Mode,6.7,6.8
God Wars: Future Past,7.4,7.1
God of War (2018),9.7,10.0
God of War Collection,6.3,7.5
God of War II,9.3,9.8
God of War III,9.2,9.4
God of War III Remastered,8.1,8.0
God of War: Chains of Olympus,8.9,9.5
Golden Axe: Beast Rider,4.0,7.0
Goodbye Deponia,8.0,7.8
Gran Turismo,7.7,9.5
Gran Turismo 3: A-Spec,9.3,8.9
Gran Turismo Sport,7.5,6.0
Grand Ages: Medieval,6.35,5.95
Grand Kingdom,7.699999999999999,7.9
Grand Theft Auto IV,10.0,9.0
Grand Theft Auto V,9.425,8.350000000000001
Grand Theft Auto: Chinatown Wars,9.5,9.6
Grand Theft Auto: San Andreas,9.5,9.1
Grand Theft Auto: Vice City,9.6,8.8
Grandia,8.4,9.0
Gravel,6.7,6.8
Gravity Rush,7.5,8.6
Gravity Rush 2,8.0,8.1
Gravity Rush Remastered,7.95,8.1
Gray Matter,7.3,7.7
Grey Goo,7.7,7.4
Grim Dawn,8.4,8.5
Grow Home,7.5,7.3
Guild Wars 2,9.0,8.1
Guitar Hero III: Legends of Rock,8.2,8.0
Guitar Hero Live,8.05,5.65
Guitar Hero: On Tour,7.1,8.1
Gundam Versus,7.3,6.4
Gungrave VR,4.1,3.4
Hakuoki: Kyoto Winds,8.3,7.3
Half-Life: Alyx,9.3,9.1
Halo 3,9.6,9.5
Halo 5: Guardians,8.6,6.4
Halo Wars,8.1,8.5
Halo Wars 2,7.45,5.9
Halo: Spartan Assault,6.7,6.3
Halo: The Master Chief Collection,8.5,7.4
Hand of Fate,7.8,7.7
Hand of Fate 2,8.0,7.1
Happy Birthdays,8.5,7.0
Hard Reset,7.6,7.3
Harry Potter and the Half-Blood Prince,6.0,3.8
Harvest Moon 3D: A New Beginning,8.2,7.8
Harvest Moon: Skytree Village,5.0,6.5
Has-Been Heroes,5.449999999999999,6.85
Hatoful Boyfriend,6.8,7.3
Hatred,4.3,4.6
Hatsune Miku: Project Diva F 2nd,8.1,8.5
Hatsune Miku: Project Diva X,7.8,7.3
Hatsune Miku: Project Mirai DX,7.5,8.1
Hearts of Iron IV,8.3,7.2
Heaven's Hope,7.4,6.7
Heavy Bullets,7.2,7.6
Heavy Rain,8.8,8.6
Hellblade: Senua's Sacrifice,8.466666666666667,7.833333333333333
Hello Neighbor,4.05,4.5
Her Story,8.7,6.0
Here They Lie,6.2,6.8
Heroes of Ruin,6.6,7.3
Heroes of the Storm,8.6,6.4
Hey! Pikmin,6.8,6.5
Hidden Agenda,6.6,6.6
Hitman,8.350000000000001,7.6
Hitman 2,8.3,7.8
Hitman: Absolution,9.0,7.1
Hoard,7.5,7.2
Hollow Knight,8.85,9.5
Homefront,6.6,5.5
Homefront: The Revolution,5.033333333333334,4.1000000000000005
Homeworld Remastered Collection,8.6,8.2
Homeworld: Deserts of Kharak,7.9,7.9
Horizon: Zero Dawn,9.1,8.0
Hotel Dusk: Room 215,8.0,6.9
Hotline Miami,8.8,8.6
Hotline Miami 2: Wrong Number,8.3,7.6
How to Survive,5.4,7.0
Hunted: The Demon's Forge,6.1,6.6
Hyper Light Drifter,8.2,8.0
Hyperdimension Neptunia Re;Birth1,6.9,7.7
Hyperdimension Neptunia Re;Birth2: Sisters Generation,6.7,7.0
Hyperdimension Neptunia U: Action Unleashed,7.1,7.0
Hyrule Warriors,7.4,8.3
Hyrule Warriors Legends,7.0,7.4
Hyrule Warriors: Definitive Edition,8.0,8.1
I Am Bread,6.0,4.6
IL-2 Sturmovik: Cliffs of Dover,5.0,7.1
Impossible Creatures,8.3,8.0
Inazuma Eleven 3: Team Ogre Attacks!,7.0,7.1
Infested Planet,7.5,7.7
Injustice 2,8.733333333333333,7.966666666666666
Invizimals: The Alliance,6.9,6.6
Iron Brigade,9.0,5.3
Iron Sky: Invasion,4.9,6.2
Ittle Dew 2+,7.7,7.9
Jak and Daxter: The Precursor Legacy,9.0,8.9
James Noir's Hollywood Crimes,7.0,6.7
Jamestown: Legend of the Lost Colony,8.3,7.5
JoJo's Bizarre Adventure: Eyes of Heaven,6.1,7.2
Job Simulator,7.1,7.0
Jurassic Park: The Game,5.5,4.6
Jurassic World Evolution,7.1000000000000005,6.8
Just Cause 3,7.366666666666667,6.3
Just Cause 4,6.75,5.65
Just Dance 2014,7.5,7.6
Just Dance 2015,7.65,6.550000000000001
Just Dance 2016,7.066666666666666,6.2
Just Dance 2017,7.033333333333334,6.166666666666667
Just Dance 2018,7.75,5.800000000000001
Just Dance 2019,7.45,5.25
Just Dance 4,5.3,7.8
Kamiko,7.4,7.5
Kid Icarus: Uprising,8.0,8.8
Killing Floor 2,7.7,6.9
Killzone 2,9.1,9.3
Killzone: Mercenary,8.0,8.8
Killzone: Shadow Fall,9.0,6.8
Kinect Sports Rivals,7.3,5.0
Kingdom Come: Deliverance,7.1000000000000005,7.6000000000000005
Kingdom Hearts 3D: Dream Drop Distance,7.5,8.5
Kingdoms of Amalur: Reckoning,9.0,6.7
Kirby Star Allies,8.1,10.0
Kirby and the Rainbow Curse,8.2,8.0
Kirby: Planet Robobot,7.7,8.5
Kirby: Triple Deluxe,7.8,8.7
Knack,8.4,6.5
Knack 2,6.7,7.6
Knowledge is Power,7.1,7.5
Kokuga,7.7,7.5
Krater,5.0,7.1
L.A. Noire,7.733333333333333,7.8999999999999995
L.A. Noire: The Complete Edition,8.3,7.9
LBX: Little Battlers eXperience,7.0,7.3
LEGO Batman 2: DC Super Heroes,6.6,7.0
LEGO City Undercover,7.8,7.550000000000001
LEGO City Undercover: The Chase Begins,6.2,6.6
LEGO DC Super-Villains,7.466666666666666,7.0
LEGO Dimensions,8.0,7.1
LEGO Harry Potter Collection,7.3,7.3
LEGO Harry Potter: Years 5-7,6.75,6.85
LEGO Jurassic World,7.066666666666666,6.966666666666666
LEGO Marvel Super Heroes 2,7.433333333333334,7.3
LEGO Marvel's Avengers,7.1,6.199999999999999
LEGO Pirates of the Caribbean: The Video Game,7.15,7.0
LEGO Star Wars III: The Clone Wars,7.15,6.85
LEGO The Hobbit,7.050000000000001,6.75
LEGO The Incredibles,6.8,6.1000000000000005
LEGO The Lord of the Rings,3.8,5.6
LEGO Worlds,6.4,6.575
Labyrinth of Refrain: Coven of Dusk,7.5,7.15
Lara Croft and the Temple of Osiris,7.35,6.1
Left 4 Dead,8.649999999999999,8.75
Legend of Grimrock,8.5,8.1
Legend of Kay Anniversary,6.459999999999999,6.340000000000001
Legends of Eisenwald,7.1,7.7
Leisure Suit Larry: Wet Dreams Don't Dry,7.1,6.5
Let It Die,7.2,7.2
Lichdom: Battlemage,6.9,6.8
Life is Strange,8.4,8.649999999999999
Lightning Returns: Final Fantasy XIII,6.6,7.4
Little Deviants,6.0,5.5
Little King's Story,8.5,9.0
Little Nightmares,8.233333333333334,7.8999999999999995
Little Witch Academia: Chamber of Time,5.8,6.4
LittleBigPlanet,9.4,9.2
LittleBigPlanet 3,7.9,7.2
Lord of Magna: Maiden Heaven,7.0,7.8
Lords of the Fallen,7.066666666666666,6.666666666666667
Lost Dimension,7.2,7.8
Lost Odyssey,7.5,9.3
Lost Planet 3,6.2,6.2
Lost Sphear,6.25,7.1
Lovers in a Dangerous Spacetime,8.0,7.4
Lucius,6.0,6.1
Luigi's Mansion,7.3,8.3
Luigi's Mansion 3,8.6,8.5
Luigi's Mansion: Dark Moon,8.6,8.5
Lumines: Electronic Symphony,9.0,7.9
Lumo,7.5,6.9
Lunar: Silver Star Story Complete,7.6,10.0
MAG: Massive Action Game,7.4,9.5
MLB 12: The Show,8.0,7.8
MLB 13: The Show,7.6,7.5
MLB 15: The Show,8.0,7.7
MLB The Show 17,8.5,6.9
MLB The Show 18,8.2,6.3
MX vs. ATV Supercross Encore,4.2,3.8
MXGP Pro,7.5,6.9
MadWorld,8.1,8.1
Madden NFL 13,7.2,6.8
Madden NFL 15,8.05,6.15
Madden NFL 16,8.3,5.95
Madden NFL 17,8.3,4.9
Madden NFL 18,8.5,4.1
Madden NFL 19,8.05,2.8
Madden NFL 20,7.6,1.5
Madden NFL 25,7.25,5.5
Madden NFL Football,4.5,5.3
Mafia III,6.733333333333333,4.533333333333333
Magic: The Gathering - Duels of the Planeswalkers 2012,8.0,5.8
Magicka,7.6,7.6
Magicka 2,6.9,5.7
Mario & Luigi: Bowser's Inside Story + Bowser Jr.'s Journey,8.4,7.7
Mario & Luigi: Dream Team,8.0,8.1
Mario & Luigi: Paper Jam,7.4,7.6
Mario & Sonic at the London 2012 Olympic Games,6.5,6.3
Mario & Sonic at the Rio 2016 Olympic Games,6.25,7.35
Mario & Sonic at the Sochi 2014 Olympic Winter Games,5.9,6.1
Mario + Rabbids: Kingdom Battle,8.3,8.5
Mario Golf: World Tour,8.1,8.1
Mario Kart 7,8.2,8.3
Mario Kart 8,8.8,8.9
Mario Kart 8 Deluxe,9.3,8.7
Mario Kart DS,9.1,9.4
Mario Kart Wii,8.2,9.1
Mario Party 10,6.3,6.4
Mario Party: Island Tour,5.5,6.0
Mario Party: Star Rush,6.2,7.1
Mario Party: The Top 100,5.0,6.8
Mario Sports Superstars,6.0,7.3
Mario Tennis Aces,7.8,7.1
Mario Tennis Open,6.6,6.9
Mario vs. Donkey Kong: Tipping Stars,6.45,7.5
Mark McMorris Infinite Air,5.0,7.1
Mark of the Ninja,9.3,8.0
Mars: War Logs,5.3,7.2
Marvel Avengers: Battle for Earth,5.0,5.0
Marvel Ultimate Alliance 3: The Black Order,7.3,7.2
Marvel vs. Capcom: Infinite,7.45,4.75
Marvel's Spider-Man,9.1,8.7
Mary Skelter: Nightmares,7.6,8.7
Mass Effect,9.2,9.1
Mass Effect 2,9.5,8.9
Mass Effect 3,9.5,5.8
Mass Effect: Andromeda,7.3,4.9
Massive Chalice,7.3,6.0
Max Payne 3,9.0,7.7
Max: The Curse of Brotherhood,7.3,6.9
Medal of Honor: Warfighter,5.5,5.4
Mega Man 11,7.966666666666666,8.233333333333333
Mega Man Legacy Collection,7.975,7.2
Mega Man Legacy Collection 2,7.1,7.2
Mega Man X Legacy Collection 2,6.0,6.6
MegaTagmension Blanc + Neptune VS Zombies,6.1,6.6
Megadimension Neptunia VII,7.1,7.0
Megadimension Neptunia VIIR,7.1,6.6
Men of War: Assault Squad,8.0,8.0
Men of War: Vietnam,7.2,5.2
Mercenaries Saga Chronicles,6.8,7.2
Mercenary Kings,8.0,6.5
Metal Gear Rising: Revengeance,8.3,8.0
Metal Gear Solid 2: Sons of Liberty,9.5,7.0
Metal Gear Solid 4: Guns of the Patriots,9.3,9.8
Metal Gear Solid HD Collection,9.0,8.5
Metal Gear Solid V: Ground Zeroes,7.933333333333334,6.466666666666666
Metal Gear Solid V: The Phantom Pain,9.299999999999999,7.8
Metal Gear Solid: Snake Eater 3D,7.9,7.9
Metal Gear Survive,6.1,1.7
Metal Max Xeno,6.1,5.4
Metal Slug Advance,8.4,9.0
Metro: Last Light,8.2,8.5
Metroid Prime,9.6,9.5
Metroid Prime 3: Corruption,9.0,9.4
Metroid Prime: Federation Force,6.3,5.4
Metroid Prime: Trilogy,9.0,9.6
Metroid: Samus Returns,9.1,8.9
Michael Jackson The Experience HD,5.7,6.0
Might & Magic X: Legacy,7.1,7.3
Mighty No. 9,5.175,3.875
Miitopia,6.6,7.7
Minecraft,10.0,7.8
Minimum,6.9,6.5
Mirror's Edge,7.7,8.2
Mirror's Edge Catalyst,7.166666666666667,5.5
Monster Boy and the Cursed Kingdom,8.35,8.65
Monster Hunter 3 Ultimate,8.7,8.2
Monster Hunter 4 Ultimate,8.8,8.6
Monster Hunter Freedom Unite,7.7,9.7
Monster Hunter Generations,8.8,8.0
Monster Hunter Generations Ultimate,7.7,8.4
Monster Hunter Stories,8.1,8.1
Monster Hunter Tri,8.1,10.0
Monster Hunter: World,9.350000000000001,8.1
Monster Prom,7.3,6.7
Moonlighter,8.2,8.6
Mordhau,8.1,8.2
Mortal Kombat 11,8.2,3.6
Mortal Kombat Komplete Edition,8.1,8.7
Mortal Kombat X,8.166666666666666,6.933333333333334
Mother Russia Bleeds,7.0,6.9
Mothergunship,7.75,6.449999999999999
Moto Racer 4,4.9,5.4
MotoGP '07,7.7,8.0
MotoGP 14,7.3,6.5
MotoGP 17,6.8,3.4
MotorStorm RC,8.5,6.8
MotorStorm: Pacific Rift,8.0,8.7
Mount & Blade,7.2,8.8
Muramasa Rebirth,8.0,8.4
Muramasa: The Demon Blade,8.0,9.3
Murdered: Soul Suspect,5.633333333333333,7.1000000000000005
Musynx,7.5,8.0
Mutant Football League: Dynasty Edition,6.7,7.1
My Hero One's Justice,6.85,7.25
My Time At Portia,7.3,7.0
Myst,8.9,8.0
NASCAR Heat 2,6.6,6.2
NASCAR Heat 3,6.6,6.8500000000000005
NASCAR Heat Evolution,6.6,4.4
NBA,6.4,7.2
NBA 2K Playgrounds 2,6.75,6.1
NBA 2K13,7.6,7.1
NBA 2K14,8.9,6.1
NBA 2K15,8.25,6.550000000000001
NBA 2K16,8.5,6.4
NBA 2K17,8.9,6.2
NBA 2K18,7.766666666666667,2.5333333333333337
NBA 2K19,8.25,2.7
NBA 2K20,7.8,1.2
NBA Live 14,4.3,2.85
NBA Live 15,5.6,6.199999999999999
NBA Live 16,5.95,5.8
NBA Live 18,7.2,5.65
NBA Live 19,7.4,6.7
NES Remix,8.0,7.2
NHL 15,5.95,3.4000000000000004
NHL 16,7.9,5.7
NHL 17,7.75,4.8
NHL 18,7.6,3.65
NHL 19,8.1,6.0
Nano Assault,6.0,7.7
Naruto Powerful Shippuden,8.0,5.9
Naruto Shippuden: Ultimate Ninja Storm 4,7.95,8.2
Naruto Shippuden: Ultimate Ninja Storm Trilogy,7.5,7.2
Naruto to Boruto: Shinobi Striker,7.25,5.699999999999999
Need for Speed: The Run,6.7,6.15
Never Alone,7.2,6.3
New Gundam Breaker,2.8,3.0
New Little King's Story,5.8,7.8
New Play Control! Pikmin,7.7,9.3
New Super Luigi U,7.8,8.0
New Super Mario Bros.,9.1,8.1
New Super Mario Bros. 2,7.5,7.3
New Super Mario Bros. U,8.4,8.0
New Super Mario Bros. U Deluxe,8.0,6.6
New Super Mario Bros. Wii,8.6,9.2
Ni no Kuni II: Revenant Kingdom,8.6,7.1
NiGHTS: Journey of Dreams,7.0,9.1
Nickelodeon Kart Racers,3.7000000000000006,5.333333333333333
Nidhogg,9.0,6.8
NieR: Automata,8.600000000000001,8.75
Night in the Woods,8.8,7.8
Nights of Azure,6.7,7.2
Nights of Azure 2: Bride of the New Moon,6.6,6.4
Ninja Gaiden 3: Razor's Edge,6.5,7.5
Ninja Gaiden Sigma Plus,8.0,7.2
Nintendo Land,7.8,7.9
Nintendo Pocket Football Club,7.0,7.4
Nintendogs,8.4,8.5
Nioh,8.8,8.5
Nioh 2,8.5,7.8
Nioh: Complete Edition,8.4,6.7
Nitroplus Blasterz: Heroines Infinite Duel,7.0,6.8
No Man's Sky,6.866666666666667,5.066666666666666
No More Heroes,8.2,8.3
Nobunaga's Ambition: Sphere of Influence,8.0,7.5
Nobunaga's Ambition: Sphere of Influence - Ascension,7.4,6.7
Nobunaga's Ambition: Taishi,7.0,5.3
Not a Hero,7.5,6.8
Obduction,7.6,7.7
Oceanhorn: Monster of Uncharted Seas,7.4,7.3
Octodad: Dadliest Catch,7.8,7.6
Octopath Traveler,8.1,8.7
Of Orcs and Men,6.9,6.7
Off-Road Drive,6.0,6.5
Oil Rush,6.5,6.5
Okami,9.2,9.3
Okami HD,8.875,8.475
OlliOlli,7.8,6.5
Omega Quintet,5.8,7.0
Omen of Sorrow,6.4,6.1
One Piece: Burning Blood,6.3,6.85
One Piece: Pirate Warriors 3,7.4,7.4
One Piece: Pirate Warriors 3 - Deluxe Edition,8.5,6.8
One Piece: Romance Dawn,4.2,6.7
Onechanbara Z2: Chaos,5.7,6.8
Onimusha: Warlords,7.733333333333333,6.466666666666666
Operation Flashpoint: Red River,7.0,4.9
Orcs Must Die!,8.5,8.1
Order Up!!,7.2,6.5
Oreshika: Tainted Bloodlines,7.8,8.0
Ori and the Blind Forest: Definitive Edition,8.8,8.7
Outcast: Second Contact,6.1,7.2
Overcooked! 2,8.266666666666667,7.133333333333333
Override: Mech City Brawl,6.4,6.5
Overwatch,9.0,6.333333333333333
Owlboy,8.866666666666667,7.266666666666667
PLAYERUNKNOWN'S BATTLEGROUNDS,8.6,4.7
PaRappa the Rapper Remastered,6.1,5.3
Pac-Man,9.0,7.4
Pac-Man & Galaga Dimensions,5.7,7.1
Pac-Man Party 3D,4.3,5.8
Painkiller: Hell & Damnation,6.4,6.6
Paper Mario: Color Splash,7.4,6.4
Paper Mario: Sticker Star,8.3,5.7
"Papers, Please",8.4,8.5
Past Cure,3.55,5.95
Payday 2,6.45,4.4
Penny-Punching Princess,6.5,9.0
Perfect Dark Zero,8.1,8.9
Persona 3: Dancing in Moonlight,7.3,6.0
Persona 4 Golden,9.3,8.5
Persona 4: Dancing All Night,7.6,4.5
Persona 5,9.3,8.7
Persona 5 Royal,9.5,8.2
Persona 5: Dancing in Starlight,7.2,7.8
Persona Dancing: Endless Night Collection,7.5,6.9
Persona Q: Shadow of the Labyrinth,8.3,5.2
Phantasy Star Portable,7.1,9.1
Phoenix Wright: Ace Attorney - Dual Destinies,8.1,8.3
Phoenix Wright: Ace Attorney Trilogy,8.1,8.5
Pikmin 3,8.7,8.7
Pillars of Eternity,8.9,8.3
Pillars of Eternity II: Deadfire,8.8,7.7
Pirates of Black Cove,5.5,5.8
Pit People,7.8,7.8
Planet Coaster,8.4,7.7
Planetary Annihilation,6.2,5.6
Plants vs Zombies: Garden Warfare,7.633333333333333,7.566666666666666
PlayStation All-Stars Battle Royale,7.5,7.5
PlayerUnknown's Battlegrounds,7.85,4.15
Pokemon Art Academy,7.8,7.8
Pokemon Black / White Version,8.6,9.0
Pokemon Black 2 and White 2,8.0,8.3
Pokemon Gold / Silver Version,9.2,8.8
Pokemon Mystery Dungeon: Gates to Infinity,5.9,6.2
Pokemon Mystery Dungeon: Rescue Team DX,6.8,8.3
Pokemon Omega Ruby/Pokemon Alpha Sapphire,8.3,7.4
Pokemon Platinum Version,8.3,8.9
Pokemon Red / Green / Blue Version,9.4,8.8
Pokemon Ruby / Sapphire Version,8.8,8.6
Pokemon Rumble Blast,5.3,6.9
Pokemon Rumble World,7.0,6.2
Pokemon Sun/Moon,9.0,7.7
Pokemon Super Mystery Dungeon,7.7,8.3
Pokemon Sword / Shield,8.0,4.6
Pokemon X/Y,8.9,9.7
Pokemon Yellow: Special Pikachu Edition,8.7,8.8
"Pokemon: Let's Go, Eevee!",8.3,6.1
"Pokemon: Let's Go, Pikachu!",8.3,6.1
"Pokemon: Let's Go, Pikachu/Eevee",8.0,6.2
Pokken Tournament,7.6,7.3
Pokken Tournament DX,8.0,7.5
Poochy & Yoshi's Woolly World,7.5,7.9
Portal 2,9.7,9.0
Portal Knights,7.3999999999999995,6.633333333333333
Power Rangers Super Megaforce,4.3,6.0
Prey,8.5,8.1
Pride of Nations,7.0,5.6
Prince of Persia,8.25,7.1
Prince of Persia: Rival Swords,7.0,8.1
Prince of Persia: The Sands of Time,9.0,9.1
Prison Architect,7.75,6.949999999999999
Pro Evolution Soccer 2011 3D,7.5,6.9
Pro Evolution Soccer 2012,7.0,6.5
Pro Evolution Soccer 2013,8.5,6.9
Pro Evolution Soccer 2014,8.3,4.4
Pro Evolution Soccer 2015,8.1,6.5
Pro Evolution Soccer 2016,8.266666666666666,5.833333333333333
Pro Evolution Soccer 2017,8.033333333333333,5.6000000000000005
Pro Evolution Soccer 2018,8.200000000000001,6.866666666666667
Pro Evolution Soccer 2019,8.05,6.699999999999999
Professor Layton and the Azran Legacy,8.0,8.1
Project CARS,8.233333333333334,6.5
Project CARS 2,8.333333333333334,6.266666666666666
Project Spark,7.3,6.9
Project X Zone,6.5,7.4
Project X Zone 2,6.6,7.6
Prototype 2,7.6,6.4
Psycho-Pass: Mandatory Happiness,6.800000000000001,7.0
Punch Line,6.5,4.6
Pure Farming 2018,7.15,6.8
Putty Squad,3.8,3.0
Puyo Puyo Tetris,8.3,7.75
Quantum Break,7.15,6.199999999999999
Quantum Conundrum,8.0,7.3
RIGS: Mechanized Combat League,7.8,7.6
Rabbids Land,6.1,5.3
Rad Rodgers,6.65,7.4
Radiant Historia: Perfect Chronology,8.1,8.6
Rage,7.8,5.3
Ragnarok Odyssey,5.0,7.8
Raid: World War II,4.6,4.8
Railway Empire,7.7,8.3
Rare Replay,8.4,8.0
Ratchet & Clank Collection,7.6,7.9
Ratchet & Clank Future: A Crack in Time,8.7,9.0
Ratchet & Clank Future: Quest for Booty,7.7,8.7
Ray Gigant,7.2,8.1
Rayman 3D,6.3,6.4
Rayman Legends,9.233333333333333,8.533333333333333
Rayman Origins,8.533333333333333,7.7
ReCore,6.3,6.7
Reality Fighters,5.4,3.8
Rebel Galaxy,7.5,7.7
Red Dead Redemption,9.5,10.0
Red Dead Redemption 2,9.75,7.65
Red Faction: Armageddon,7.3,6.7
Red Faction: Guerrilla Re-Mars-tered,7.15,4.7
Red Orchestra 2: Heroes of Stalingrad,7.7,7.3
Red Steel,5.9,7.8
Red Steel 2,7.8,8.5
Redout,7.85,7.8
Remember Me,6.5,7.4
Resident Evil 4,8.649999999999999,8.8
Resident Evil 5,7.666666666666667,7.833333333333333
Resident Evil 6,6.3999999999999995,6.333333333333333
Resident Evil: Operation Raccoon City,4.8,4.0
Resident Evil: Revelations,7.375,7.525
Resident Evil: Revelations 2,7.225,7.45
Resident Evil: Revelations Collection,7.8,7.9
Resident Evil: The Mercenaries 3D,6.3,6.5
Resident Evil: The Umbrella Chronicles,7.5,8.0
Resistance 2,8.5,8.7
Resistance: Burning Skies,5.5,6.9
Resistance: Fall of Man,8.5,9.1
Resistance: Retribution,8.0,7.6
Resonance of Fate,7.5,8.2
Retrovirus,6.6,6.7
Reus,7.5,7.2
Rhythm Heaven Megamix,8.8,8.3
Rhythm Thief & the Emperor's Treasure,7.5,8.0
RiME,5.8,6.7
Ride 2,6.733333333333333,7.033333333333334
Ridge Racer,3.0,3.7
Ridge Racer 3D,7.4,7.3
Ridge Racer Unbounded,7.2,6.2
Ring Fit Adventure,8.3,8.8
Rise of the Tomb Raider,8.6,7.95
Risen 2: Dark Waters,6.6,5.7
Risk of Rain,7.7,8.1
Road Rage,2.6,2.3
Robinson: The Journey,6.4,6.7
Rock Band 4,7.85,6.45
Rock of Ages,7.0,7.7
Rocket League,8.774999999999999,8.3
Rodea the Sky Soldier,5.75,6.0
Rogue Galaxy,8.3,7.5
Rogue Legacy,8.5,7.9
Rogue Trooper Redux,6.0,7.0
RollerCoaster Tycoon,8.7,9.7
RollerCoaster Tycoon World,4.3,2.1
Romance of the Three Kingdoms XIII,6.7,7.1
Root Letter,6.8,6.8
Rory McIlroy PGA Tour,6.05,4.0
Rugby 18,4.1,4.7
Runaway: A Twist of Fate,7.9,7.9
Rune Factory 4,8.0,8.1
Runner3,7.5,9.0
Rust,6.1,6.2
Ryse: Son of Rome,6.449999999999999,6.45
SNK 40th Anniversary Collection,7.7,7.5
SUPERBEAT: XONiC,7.4,7.3
SUPERHOT,8.2,7.5
SUPERHOT VR,8.5,7.2
Sacred 3,5.7,1.5
Saint Seiya: Soldiers' Soul,5.9,7.2
Saints Row IV,7.3,7.4
Saints Row IV: Re-Elected,7.4,7.35
Saints Row: The Third,8.3,8.1
Salt and Sanctuary,8.2,8.0
Samorost 3,8.0,7.8
Samurai Warriors 4,7.6,7.6
Samurai Warriors 4-II,7.3,6.9
Samurai Warriors Chronicles,5.4,7.8
Samurai Warriors Chronicles 3,6.65,7.0
Samurai Warriors: Spirit of Sanada,7.4,6.8
ScreamRide,7.1,4.8
Scribblenauts Unmasked: A DC Comics Adventure,9.1,6.133333333333333
Sea of Thieves,6.9,7.0
Secret of Mana,6.3,6.0
Sega 3D Classics Collection,7.15,7.5
Sega Genesis Classics,7.566666666666666,7.533333333333332
Sengoku,7.0,6.8
Senran Kagura 2: Deep Crimson,5.8,6.5
Senran Kagura Burst,6.2,7.1
Senran Kagura Burst Re:Newal,6.5,4.1
Senran Kagura Shinovi Versus,6.85,7.449999999999999
Senran Kagura: Estival Versus,6.7,7.6
Senran Kagura: Peach Beach Splash,7.0,7.1
Serious Sam 3: BFE,7.0,8.2
Shadow Tactics: Blades of the Shogun,8.4,8.2
Shadow of the Colossus,9.2,8.6
Shadow of the Tomb Raider,7.85,7.25
Shantae and the Pirate's Curse,7.7,8.5
Shantae: Half-Genie Hero,8.1,7.8999999999999995
Shelter 2,5.8,6.9
Shenmue I & II,7.45,8.05
Sherlock Holmes: Crimes & Punishments,7.3999999999999995,7.2
Sherlock Holmes: The Devil's Daughter,6.733333333333333,7.166666666666667
Shifting World,5.5,6.7
Shin Megami Tensei IV,8.3,6.2
Shin Megami Tensei IV: Apocalypse,8.1,4.5
Shin Megami Tensei: Devil Survivor,8.4,8.8
Shin Megami Tensei: Devil Survivor 2 Record Breaker,8.4,3.9
Shin Megami Tensei: Devil Survivor Overclocked,7.55,4.3
Shin Megami Tensei: Strange Journey Redux,8.0,3.2
Shining Resonance Refrain,6.85,7.3
Shinobi,7.0,7.4
Shinobido 2: Revenge of Zen,4.5,6.6
Shovel Knight,8.82,8.02
Sid Meier's Ace Patrol,7.1,6.6
Sid Meier's Civilization Revolution,8.2,7.6
Sid Meier's Civilization VI,9.100000000000001,7.4
Sid Meier's Civilization: Beyond Earth,8.1,5.5
Sid Meier's Starships,6.4,4.3
Sigma Star Saga,6.0,4.0
Silent Hill 3,8.4,9.0
Silent Hill: Book of Memories,6.0,5.1
Silent Hill: Shattered Memories,7.3,6.8
SimCity,7.0,2.2
Sine Mora EX,8.05,7.4
Skullgirls: 2nd Encore,7.8999999999999995,7.8500000000000005
Skylanders Giants,6.95,5.4
Skylanders Imaginators,7.533333333333334,5.3
Skylanders: Spyro's Adventure,8.2,5.0
Slay the Spire,8.9,6.5
Sleeping Dogs,8.5,8.3
Sleeping Dogs: Definitive Edition,7.6,7.55
Slender: The Arrival,6.5,6.1
Slime Rancher,8.1,7.8
Sly Cooper: Thieves in Time,8.0,8.0
Snapshot,7.4,7.3
Sniper Elite 4,7.9,7.15
Sniper Elite III,6.7,6.8
Sniper: Ghost Warrior 2,5.0,5.8
Sniper: Ghost Warrior 3,5.7,6.3
"Snipperclips Plus: Cut It Out, Together!",8.2,8.5
Solar 2,8.0,7.1
Song of the Deep,6.866666666666667,7.099999999999999
Sonic Boom: Fire & Ice,6.9,7.1
Sonic Boom: Rise of Lyric,3.7,3.5
Sonic Boom: Shattered Crystal,3.8,6.0
Sonic Colors,8.2,8.1
Sonic Forces,5.766666666666667,7.066666666666666
Sonic Generations,7.300000000000001,7.5
Sonic Mania,8.566666666666668,8.466666666666667
Sonic Unleashed,6.7,8.2
Sonic and the Black Knight,4.8,8.5
Sonic the Hedgehog,8.6,8.3
Sonic the Hedgehog (2006),4.8,4.8
Soul Sacrifice,7.7,8.2
Soul Sacrifice Delta,8.2,8.5
SoulCalibur VI,8.4,5.5
South Park: The Fractured But Whole,8.475,7.9
South Park: The Stick of Truth,9.0,8.6
Space Hulk: Deathwing,5.5,7.5
Space Run,7.3,7.6
SpaceChem,9.0,8.5
Spec Ops: The Line,7.6,8.2
SpellForce 3,7.3,7.7
Spelunky,9.0,7.2
Spider-Man: Edge of Time,5.5,6.2
Spintires: MudRunner,7.7,7.5
Spirit Camera: The Cursed Memoir,5.7,6.0
Splatoon,8.4,8.7
Splatoon 2,8.2,8.5
Spyro Reignited Trilogy,8.25,7.449999999999999
Stacking,8.0,7.7
Star Fox 64 3D,8.0,8.1
Star Fox: Assault,6.6,8.5
Star Ocean: The Last Hope,7.3,8.0
Star Ocean: The Last Hope International,8.1,9.5
Star Wars Battlefront,7.2,3.5
Star Wars Battlefront II,7.0,1.0
Star Wars Knights of the Old Republic II: The Sith Lords,9.3,9.3
Star Wars: Knights of the Old Republic,9.4,10.0
Star Wars: The Force Unleashed,6.8,7.4
Star Wars: The Old Republic,8.4,5.9
Starblood Arena,6.8,7.3
Starbound,8.1,7.1
Stardew Valley,8.933333333333334,8.0
Starlink: Battle for Atlas,7.433333333333334,6.033333333333334
Starpoint Gemini Warlords,7.3,7.1
State of Decay,7.9,6.9
State of Decay 2,7.0,5.4
State of Decay: Year One Survival Edition,7.2,6.8
SteamWorld Dig 2,8.8,8.7
Steel Diver,5.6,6.2
Steep,7.15,6.4
Steins;Gate,8.5,8.75
Steins;Gate 0,8.25,8.2
Steins;Gate Elite,8.55,7.35
Stella Glow,7.5,8.0
Stellaris,7.8,8.0
Story of Seasons,7.7,7.9
Story of Seasons: Trio of Towns,7.9,8.0
Strange Brigade,7.4,5.7
Stranger of Sword City,7.1,8.1
Street Fighter IV,9.3,9.15
Street Fighter V,7.550000000000001,3.35
Street Fighter X Tekken,7.9,6.3
Strike Suit Infinity,6.6,7.0
Stronghold 3,4.1,3.0
Style Savvy: Fashion Forward,7.15,6.9
Style Savvy: Styling Star,8.5,6.5
Styx: Master of Shadows,7.1,7.2
Styx: Shards of Darkness,7.2,7.3999999999999995
Submarine Titans,6.1,9.0
Submerged,4.7,5.0
Subnautica,8.266666666666666,8.1
Sudden Strike 4,6.65,7.300000000000001
Suikoden,8.2,8.0
Summon Night 6: Lost Borders,7.1,6.7
Sunset Overdrive,8.0,7.8
Super Bomberman R,6.433333333333334,6.266666666666667
Super Dungeon Bros,4.3,1.9
Super Lucky's Tale,6.5,6.9
Super Mario 3D Land,8.9,8.4
Super Mario 3D World,9.5,8.9
Super Mario 64,9.7,9.0
Super Mario All-Stars,9.2,9.5
Super Mario Bros.,10.0,8.2
Super Mario Bros. 2,8.5,8.1
Super Mario Bros. 2 (FDS),8.5,8.1
Super Mario Bros. 3,9.8,9.3
Super Mario Galaxy,9.7,9.6
Super Mario Galaxy 2,9.7,9.8
Super Mario Land 2: 6 Golden Coins,9.0,8.5
Super Mario Maker,8.8,8.7
Super Mario Maker 2,8.8,8.5
Super Mario Odyssey,9.9,9.0
Super Mario Party,7.3,7.5
Super Mario World,8.5,9.3
Super Meat Boy,8.5,7.0
Super Monkey Ball 3D,5.7,5.5
Super Smash Bros. Brawl,9.2,9.7
Super Smash Bros. Ultimate,9.4,9.7
Super Smash Bros. for Wii U,9.2,8.9
Super Stardust Ultra VR,6.6,6.4
Super Street Fighter IV: 3D Edition,8.5,8.0
Super Street Fighter IV: Arcade Edition,8.5,7.7
Supreme Ruler: Cold War,6.3,6.8
Surviving Mars,7.449999999999999,6.2
Sushi Striker: The Way of Sushido,7.9,7.6
Sword Art Online: Fatal Bullet,6.566666666666666,7.266666666666667
Sword Art Online: Hollow Fragment,6.7,7.6
Sword Art Online: Hollow Realization,6.9,7.5
Sword Art Online: Lost Song,6.3,6.2
Syberia,7.6,7.6
TERA,7.7,6.9
Taiko no Tatsujin: Drum 'n' Fun!,7.5,8.1
Take On Helicopters,7.0,6.7
Tales of Berseria,7.95,6.65
Tales of Hearts R,7.6,8.1
Tales of Legendia,7.2,8.5
Tales of Symphonia: Dawn of the New World,6.8,8.3
Tales of Vesperia,8.1,9.2
Tales of Zestiria,7.2,7.2
Tales of the Abyss,7.3,7.8
Tank! Tank! Tank!,4.7,5.7
Tearaway,9.3,8.9
Tearaway Unfolded,8.1,8.0
Teenage Mutant Ninja Turtles: Mutants in Manhattan,4.95,5.75
Tekken 7,8.166666666666666,6.6000000000000005
Tempest 4000,7.5,5.8
Tenkai Knights: Brave Battle,4.5,2.7
Tennis World Tour,4.35,2.3499999999999996
Terraria,9.0,8.25
Teslagrad,7.75,7.2
Test Drive Unlimited 2,6.7,5.7
Tetris,9.4,8.7
Tetris Axis,7.8,6.9
Tetris Effect,8.9,7.7
Tetris Ultimate,6.8,4.0
That's You!,7.0,7.1
The Adventures of Tintin: The Game,5.6,5.2
The Alliance Alive,7.3,8.1
The Banner Saga 2,8.2,8.3
The Binding of Isaac,8.3,8.4
The Binding of Isaac: Rebirth,8.6,8.4
The Book of Unwritten Tales,7.9,8.3
The Book of Unwritten Tales 2,6.3,6.5
The Bureau: XCOM Declassified,5.5,6.5
The Caligula Effect,5.8,6.9
The Caligula Effect: Overdose,6.5,5.6
The Cat Lady,8.1,8.7
The Conduit,6.6,8.2
The Crew,6.533333333333334,5.766666666666667
The Crew 2,6.7,5.0
The Crew: Wild Run,7.3,6.4
The Cursed Crusade,5.5,5.7
The Dark Eye: Chains of Satinav,7.5,7.7
The Darkness II,8.0,7.6
The Dwarves,5.966666666666666,5.5
The Elder Scrolls Online,7.1,5.8
The Elder Scrolls Online: Morrowind,7.6000000000000005,6.066666666666666
The Elder Scrolls Online: Summerset,7.9,5.5
The Elder Scrolls Online: Tamriel Unlimited,7.550000000000001,8.0
The Elder Scrolls V: Skyrim,8.899999999999999,8.649999999999999
The Elder Scrolls V: Skyrim Special Edition,8.2,7.25
The Elder Scrolls V: Skyrim VR,7.7,8.1
The Escapists,7.1,7.0
The Escapists 2,7.525,6.85
The Evil Within,7.033333333333334,7.033333333333334
The Evil Within 2,7.933333333333333,8.833333333333334
The Fall,7.6,7.2
The First Templar,4.0,5.9
The Forest,8.3,7.3
The Golf Club,6.5,5.85
The Granstream Saga,7.6,7.0
The Haunted: Hell's Reach,5.3,7.7
The House of the Dead 2 & 3 Return,6.5,7.0
The Incredible Adventures of Van Helsing II,7.7,7.6
The Inner World,7.2,7.7
The Inpatient,5.9,6.1
The King of Fighters XIV,7.9,8.2
The LEGO Movie Videogame,6.333333333333333,6.866666666666667
The Last Guardian,7.9,8.0
The Last Remnant,6.5,8.0
The Last of Us Remastered,9.5,9.1
The Last of Us: Part II,9.4,5.6
The Legend of Dragoon,7.8,6.5
The Legend of Heroes: Trails of Cold Steel,7.7,8.6
The Legend of Heroes: Trails of Cold Steel II,8.0,8.4
The Legend of Legacy,6.0,7.1
The Legend of Zelda,8.4,8.8
The Legend of Zelda: A Link Between Worlds,9.3,9.0
The Legend of Zelda: Breath of the Wild,9.95,10.0
The Legend of Zelda: Link's Awakening,8.7,8.4
The Legend of Zelda: Majora's Mask 3D,9.0,8.9
The Legend of Zelda: Ocarina of Time,9.9,10.0
The Legend of Zelda: Ocarina of Time 3D,9.3,9.0
The Legend of Zelda: Tri Force Heroes,7.4,7.5
The Legend of Zelda: Twilight Princess,9.5,9.6
The Legend of Zelda: Twilight Princess HD,8.4,8.5
The Liar Princess and the Blind Prince,7.050000000000001,6.7
The Long Dark,7.566666666666666,7.766666666666667
The Lord of the Rings: War in the North,6.5,7.1
The Lost Child,6.8,5.75
The Lost Chronicles of Zerzura,7.6,6.9
The Mighty Quest for Epic Loot,6.4,5.6
The Order: 1886,6.2,6.6
The Persistence,7.8,8.1
The Raven Remastered,7.2,8.4
The Secret World,7.4,8.3
The Seven Deadly Sins: Knights of Britannia,5.5,5.9
The Sexy Brutale,7.7,7.6
The Silver Case,6.4,6.2
The Sims 3,5.6,3.1
The Sims 3: Generations,6.5,3.7
The Sims 3: Pets,7.5,6.1
The Sims 4,6.733333333333333,3.5
The Sims 4: Cats & Dogs,8.0,4.3
The Sims 4: City Living,7.8,5.8
The Sims 4: Get Famous,7.7,5.9
The Sims 4: Get Together,7.2,7.3
The Solus Project,6.8,6.3
The Stanley Parable,8.8,8.0
The Surge,7.3,6.966666666666666
The Swapper,9.3,8.6
The Talos Principle,8.65,8.399999999999999
The Technomancer,6.133333333333333,6.866666666666667
The Testament of Sherlock Holmes,7.3,7.9
The Tiny Bang Story,6.3,7.2
The Town of Light,6.35,6.5
The Turing Test,7.4,6.8
The Vanishing of Ethan Carter,8.7,8.0
The Walking Dead: A Telltale Games Series,8.9,8.7
The Witch and the Hundred Knight 2,6.1,6.8
The Witcher 2: Assassins of Kings,8.8,8.5
The Witcher 3: Complete Edition,8.5,8.5
The Witcher 3: Wild Hunt,9.200000000000001,9.266666666666666
The Witcher Adventure Game,6.8,6.0
The Witness,8.7,6.9
The Wonderful 101,8.0,8.6
The World Ends with You: Final Remix,7.4,7.5
Theatrhythm Final Fantasy: Curtain Call,8.3,9.0
Thief,6.866666666666667,6.0
Thomas Was Alone,8.0,8.1
Thor: God of Thunder,6.0,4.2
Thousand Arms,8.5,8.0
Tiny Barbarian DX,7.7,7.6
Titan Quest,6.2,6.333333333333333
Titan Souls,7.4,5.6
Titanfall,8.9,6.45
Titanfall 2,8.733333333333333,8.299999999999999
To the Moon,8.5,8.9
Tokyo Mirage Sessions #FE,8.0,7.9
Tokyo Tattoo Girls,3.6,4.5
Tokyo Twilight Ghost Hunters,6.3,7.1
Tokyo Xanadu,7.4,7.9
Tokyo Xanadu eX+,7.5,7.4
Tom Clancy's Ghost Recon: Future Soldier,7.1,5.1
Tom Clancy's Ghost Recon: Shadow Wars,7.9,7.9
Tom Clancy's HAWX,7.5,8.4
Tom Clancy's Splinter Cell,9.3,9.1
Tom Clancy's Splinter Cell 3D,8.0,5.7
Tom Clancy's Splinter Cell: Blacklist,8.9,7.5
Tom Clancy's Splinter Cell: Double Agent,8.5,8.3
Tom Clancy's Splinter Cell: Pandora Tomorrow,9.2,9.0
Tom Clancy's The Division,7.966666666666666,6.633333333333333
Tomb Raider,8.7,8.5
Tomb Raider: Definitive Edition,9.1,7.9
Tomodachi Life,7.8,7.6
Tony Hawk's Pro Skater 5,3.55,1.75
Torchlight II,9.1,8.5
Torment: Tides of Numenera,7.75,6.8
Total War: Attila,8.0,7.3
Total War: Rome II,8.0,4.2
Total War: Shogun 2 - Fall of the Samurai,8.6,8.5
Total War: WARHAMMER,8.6,7.4
Touch My Katamari,6.0,7.5
Touhou Genso Rondo: Bullet Ballet,5.5,5.3
Touhou Genso Wanderer,7.0,6.7
Touhou Genso Wanderer Reloaded,6.4,6.8
Touhou Kobuto V: Burst Battle,4.0,3.8
Toukiden 2,7.7,7.6
Toukiden: The Age of Demons,7.1,8.0
Tour de France 2014,5.3,5.3
Tour de France 2018,5.7,5.4
Tower of Guns,7.6,7.2
TowerFall Ascension,9.0,6.8
Toy Soldiers: War Chest,6.1,7.75
Trailblazers,6.3,6.0
Train Fever,6.7,6.9
Train Sim World,5.6,5.9
Transformers: Devastation,7.533333333333334,7.466666666666666
Transformers: Fall of Cybertron,7.8,7.8
Transistor,8.3,8.3
Transport Fever,7.1,7.4
Trapped Dead,4.0,4.7
Trials Fusion,8.2,7.033333333333334
Tricky Towers,7.2,7.0
Trillion: God of Destruction,6.5,7.4
Trine 2,9.0,8.4
Trine 2: Director's Cut,7.8,8.0
Trine 3: The Artifacts of Power,6.8,7.3
Troll and I,3.9,4.6
Tropico 4,7.9,7.8
Tropico 4: Modern Times,7.8,7.6
Tropico 5,7.55,7.05
Two Worlds II,6.9,6.4
Tyranny,8.0,7.8
Ultimate General: Gettysburg,8.4,7.8
Ultimate Marvel vs. Capcom 3,7.85,7.5
Ultimate NES Remix,7.0,7.7
Ultra Street Fighter II: The Final Challengers,7.0,6.6
Ultra Street Fighter IV,7.1,6.2
Unbox: Newbie's Adventure,5.2,5.9
Uncharted 2: Among Thieves,9.5,9.6
Uncharted 3: Drake's Deception,9.3,6.3
Uncharted 4: A Thief's End,9.2,8.4
Uncharted: Drake's Fortune,8.7,8.6
Uncharted: Golden Abyss,7.9,7.4
Uncharted: The Lost Legacy,8.4,7.7
Uncharted: The Nathan Drake Collection,8.6,8.5
Undertale,9.133333333333333,7.466666666666666
Unit 13,7.5,7.1
Until Dawn,7.9,8.3
Until Dawn: Rush of Blood,7.2,7.7
Utawarerumono: Mask of Deception,6.8,7.2
Utawarerumono: Mask of Truth,7.5,7.6
V-Rally 4,6.25,6.65
VOEZ,8.5,8.0
Valdis Story: Abyssal City,8.3,7.6
Valhalla Hills,6.9,6.8
Valhalla Knights 3,4.8,6.9
Valhalla Knights: Eldar Saga,3.5,7.9
Valkyria Chronicles,8.45,9.0
Valkyria Chronicles 4,8.5,8.25
Valkyria Chronicles Remastered,8.4,8.2
Valkyria Revolution,5.5,5.75
Valkyrie Drive: Bhikkhuni,7.2,8.1
Vampyr,7.066666666666666,7.433333333333334
Vanquish,7.8,8.9
Venetica,6.0,6.8
Vessel,8.0,7.8
Victor Vran: Overkill Edition,8.2,8.0
Vikings: Wolves of Midgard,6.566666666666666,7.0
Volgarr the Viking,7.6,7.7
WRC 7,7.0,7.45
WWE 2K15,5.9,5.35
WWE 2K16,7.25,6.300000000000001
WWE 2K17,6.85,5.5
WWE 2K18,6.65,5.199999999999999
WWE 2K19,7.7,5.1
WWE All Stars,7.0,6.9
WWE Day of Reckoning 2,8.3,8.5
War for the Overworld,6.5,7.8
"Warhammer 40,000: Dawn of War II - Retribution",7.9,7.7
"Warhammer 40,000: Dawn of War III",7.7,4.5
"Warhammer 40,000: Inquisitor - Martyr",6.733333333333333,5.5
"Warhammer 40,000: Regicide",7.2,7.7
"Warhammer 40,000: Space Marine",7.7,7.5
WarioWare Gold,8.1,7.9
Warriors All-Stars,7.0,6.5
Warriors Orochi 3 Hyper,7.0,7.4
Warriors Orochi 4,7.5,7.0
Wasteland 2,8.1,7.3
Watch Dogs,7.425,5.9
Watch Dogs 2,8.149999999999999,7.5
We Happy Few,6.433333333333334,5.066666666666666
Werewolves Within,7.6,7.1
Westerado: Double Barreled,8.0,7.6
White Knight Chronicles: International Edition,6.3,7.9
Wii Fit U,7.2,7.7
Wii Party U,6.6,6.9
Wii Play,5.9,6.5
Wii Sports,7.7,8.0
Wii Sports Club,6.7,7.0
Wii Sports Resort,8.0,8.8
WildStar,8.2,7.5
Wipeout 2048,7.9,8.2
Wolfenstein,6.5,8.0
Wolfenstein II: The New Colossus,8.675,7.075
Wolfenstein: The New Order,7.933333333333334,8.033333333333333
Wolfenstein: The Old Blood,7.733333333333333,7.833333333333333
Wonder Boy: The Dragon's Trap (Remake),7.4,7.5
World of Final Fantasy,7.7,7.7
World of Final Fantasy Maxima,8.1,8.1
World of Tanks,7.8,3.6
World of Warcraft,9.2,8.0
World of Warcraft: Battle for Azeroth,7.9,3.1
World of Warcraft: Legion,8.8,7.3
World of Warcraft: Mists of Pandaria,8.7,5.0
World of Warcraft: Warlords of Draenor,8.7,5.9
World of Warcraft: Wrath of the Lich King,9.3,9.3
X Rebirth,4.3,3.2
X-Men Origins: Wolverine - Uncaged Edition,7.0,8.7
XCOM 2,8.733333333333333,7.3
XCOM: Enemy Unknown,9.0,8.2
Xenoblade Chronicles 2,8.2,8.7
Xenoblade Chronicles 2: Torna ~ The Golden Country,7.5,8.6
Xenoblade Chronicles X,8.1,9.1
Yakuza 6: The Song of Life,8.3,8.2
Yakuza Kiwami,8.0,8.1
Yoku's Island Express,9.0,7.766666666666667
Yomawari: Midnight Shadows,7.7,6.8
Yomawari: Night Alone,7.5,8.3
Yomawari: The Long Night Collection,7.3,7.3
Yonder: The Cloud Catcher Chronicles,6.9,7.5
Yooka-Laylee,7.133333333333333,7.333333333333333
Yoshi's Crafted World,7.8,8.0
Yoshi's New Island,7.9,6.2
Yoshi's Woolly World,7.4,6.0
Your Shape: Fitness Evolved 2013,7.6,6.3
Ys VIII: Lacrimosa of Dana,8.5,6.7
Ys: Memories of Celceta,7.5,8.7
Zero Escape: Virtue's Last Reward,9.0,8.8
Zero Escape: Zero Time Dilemma,8.0,7.766666666666667
Ziggurat,8.0,7.0
Zombi,7.35,6.05
ZombiU,6.9,7.7
Zombie Army Trilogy,6.533333333333334,6.933333333333334
Zombie Vikings,6.4,7.0
Zone of the Enders: The 2nd Runner MARS,7.1,7.7
de Blob,8.1,8.0
inFAMOUS,8.7,9.1
theHunter: Call of the Wild,6.4,7.4
